accuracy,precision,recall,f1,roc_auc,mcc,dataset,algorithm,seed
0.9772,0.9735945485519591,0.9777587681779298,0.9756722151088348,0.9965512786812337,0.954227327036655,NSL-KDD,Logistic Regression,42
0.9736,0.9670050761421319,0.9769230769230769,0.9719387755102041,0.9954469507101086,0.9470594762589142,NSL-KDD,Logistic Regression,7
0.976,0.9719148936170213,0.9769033361847733,0.9744027303754266,0.9941295899132292,0.9518236984106831,NSL-KDD,Logistic Regression,123
0.982,0.9778911564625851,0.9837467921300257,0.9808102345415778,0.9969876711104998,0.9638765967516989,NSL-KDD,Logistic Regression,2024
0.98,0.9761904761904762,0.9811965811965812,0.9786871270247229,0.9976151918257182,0.9598590135249797,NSL-KDD,Logistic Regression,99
0.996,0.9957228400342173,0.9957228400342173,0.9957228400342173,0.9944300515637181,0.9919662660297094,NSL-KDD,Decision Tree,42
0.9932,0.989804587935429,0.9957264957264957,0.9927567106945037,0.9927128719233982,0.9863645605236724,NSL-KDD,Decision Tree,7
0.992,0.9906063193851409,0.9923011120615911,0.9914529914529915,0.9884249960956053,0.9839354746025516,NSL-KDD,Decision Tree,123
0.994,0.9914821124361158,0.9957228400342173,0.9935979513444302,0.9923634538372006,0.9879605012797833,NSL-KDD,Decision Tree,2024
0.9952,0.9923469387755102,0.9974358974358974,0.9948849104859335,0.9939274468221837,0.9903749853219628,NSL-KDD,Decision Tree,99
0.9976,0.9991416309012876,0.9957228400342173,0.9974293059125964,0.999882386134675,0.9951838962265834,NSL-KDD,Random Forest,42
0.9972,0.9991416309012876,0.9948717948717949,0.9970021413276231,0.9997811837285522,0.9943835470692459,NSL-KDD,Random Forest,7
0.9976,0.9991416309012876,0.9957228400342173,0.9974293059125964,0.9999119502756857,0.9951838962265834,NSL-KDD,Random Forest,123
0.9964,0.9957264957264957,0.9965782720273738,0.9961522017956391,0.9997724846539613,0.9927703361476267,NSL-KDD,Random Forest,2024
0.9988,0.9991445680068435,0.9982905982905983,0.9987174005985464,0.9999636912794807,0.9975903271631871,NSL-KDD,Random Forest,99
0.9952,0.9965665236051502,0.9931565440547476,0.9948586118251928,0.999705001288611,0.9903626269916109,NSL-KDD,Gradient Boosting,42
0.9956,0.9974248927038627,0.9931623931623932,0.995289079229122,0.9995205963627016,0.9911695338591575,NSL-KDD,Gradient Boosting,7
0.9932,0.9948453608247423,0.9905902480752781,0.9927132447492499,0.9997069293847638,0.9863470580530622,NSL-KDD,Gradient Boosting,123
0.9944,0.9931682322801024,0.9948674080410608,0.994017094017094,0.9993630855708354,0.9887552193871995,NSL-KDD,Gradient Boosting,2024
0.996,0.9957264957264957,0.9957264957264957,0.9957264957264957,0.9990713964398177,0.9919670972302551,NSL-KDD,Gradient Boosting,99
0.9864,0.981340118744699,0.9897348160821214,0.985519591141397,0.9963996017838745,0.972730875051499,NSL-KDD,SVM (RBF),42
0.9836,0.9771766694843618,0.9880341880341881,0.9825754356141096,0.9973536405115353,0.967139760619619,NSL-KDD,SVM (RBF),7
0.9836,0.9779661016949153,0.9871685201026519,0.9825457641549595,0.9968539897772342,0.9671182626856337,NSL-KDD,SVM (RBF),123
0.9856,0.9780590717299578,0.9914456800684346,0.9847068819031436,0.9968552751746695,0.9711827288939848,NSL-KDD,SVM (RBF),2024
0.9904,0.9839527027027027,0.9957264957264957,0.989804587935429,0.9989839984576826,0.9807968347687355,NSL-KDD,SVM (RBF),99
0.8,0.9251700680272109,0.6528,0.7654784240150094,0.87100512,0.6278237088702054,Phishing,Logistic Regression,42
0.7948,0.9098998887652948,0.6544,0.7612843182875756,0.85866048,0.614316211140878,Phishing,Logistic Regression,7
0.8124,0.9567251461988304,0.6544,0.7771971496437055,0.8631513600000001,0.6585443459172344,Phishing,Logistic Regression,123
0.7964,0.9093922651933701,0.6584,0.7638051044083527,0.8484361600000001,0.6167562720150908,Phishing,Logistic Regression,2024
0.7908,0.9311981020166074,0.628,0.7501194457716197,0.85563744,0.6151193221858187,Phishing,Logistic Regression,99
0.8212,0.9890377588306942,0.6496,0.7841622404635442,0.88215104,0.6839409679037993,Phishing,Decision Tree,42
0.8336,0.9727891156462585,0.6864,0.8048780487804879,0.8841103999999999,0.6981399642636684,Phishing,Decision Tree,7
0.824,0.9832935560859188,0.6592,0.789272030651341,0.8731990399999998,0.686352942390277,Phishing,Decision Tree,123
0.8208,0.9773809523809524,0.6568,0.785645933014354,0.8694815999999999,0.6791734202030212,Phishing,Decision Tree,2024
0.818,0.9806529625151149,0.6488,0.7809340394800193,0.8738368,0.6758750323940423,Phishing,Decision Tree,99
0.8648,0.9093357271095153,0.8104,0.8570219966159053,0.9253257600000001,0.7339570184558908,Phishing,Random Forest,42
0.8592,0.9204119850187266,0.7864,0.8481449525452976,0.9160540800000001,0.7261380612555257,Phishing,Random Forest,7
0.858,0.9186155285313377,0.7856,0.8469167744717551,0.9192303999999999,0.7236263383942129,Phishing,Random Forest,123
0.8444,0.8989805375347544,0.776,0.8329755259768141,0.9068848000000002,0.6953370810785976,Phishing,Random Forest,2024
0.8536,0.9177693761814745,0.7768,0.841421143847487,0.9150262400000001,0.7156930518346641,Phishing,Random Forest,99
0.8516,0.952626158599382,0.74,0.8329581269698334,0.9090118399999999,0.7213989691833901,Phishing,Gradient Boosting,42
0.8348,0.9543973941368078,0.7032,0.809765085214187,0.90171072,0.6940720851577284,Phishing,Gradient Boosting,7
0.8344,0.9456289978678039,0.7096,0.8107861060329068,0.89812096,0.6906600623036714,Phishing,Gradient Boosting,123
0.8252,0.9442622950819672,0.6912,0.7981524249422632,0.8881043200000001,0.6750957365467848,Phishing,Gradient Boosting,2024
0.828,0.9648526077097506,0.6808,0.798311444652908,0.89526272,0.6864205883647579,Phishing,Gradient Boosting,99
0.8372,0.9795221843003413,0.6888,0.8088304368248004,0.88848352,0.7062226296794958,Phishing,SVM (RBF),42
0.8312,0.9758620689655172,0.6792,0.8009433962264151,0.8830579199999999,0.6953074908811184,Phishing,SVM (RBF),7
0.8284,0.9767711962833914,0.6728,0.7967787778304122,0.88901248,0.6911178414961126,Phishing,SVM (RBF),123
0.8264,0.9722222222222222,0.672,0.7947019867549668,0.8682537600000001,0.6863436782412851,Phishing,SVM (RBF),2024
0.8192,0.9761336515513126,0.6544,0.7835249042145593,0.88016928,0.6761847506511618,Phishing,SVM (RBF),99
0.9244135534317984,0.892933618843683,0.9185022026431718,0.9055374592833876,0.9729520474784951,0.8427938036576569,Spambase,Logistic Regression,42
0.9296264118158123,0.8976545842217484,0.9273127753303965,0.9122426868905742,0.9787098894570185,0.85384451221796,Spambase,Logistic Regression,7
0.9278887923544744,0.8921775898520085,0.9295154185022027,0.9104638619201726,0.9744436508889576,0.8506433391280582,Spambase,Logistic Regression,123
0.9357080799304952,0.8991596638655462,0.9427312775330396,0.9204301075268817,0.9751009676461108,0.8672277220504931,Spambase,Logistic Regression,2024
0.9174630755864466,0.8843683083511777,0.9096916299559471,0.8968512486427795,0.9643911287519198,0.8283126051010664,Spambase,Logistic Regression,99
0.9009556907037359,0.8744493392070485,0.8744493392070485,0.8744493392070485,0.8938686251335175,0.7926702861224,Spambase,Decision Tree,42
0.9226759339704604,0.8891257995735607,0.9185022026431718,0.9035752979414952,0.9225772505198491,0.8393730508096827,Spambase,Decision Tree,7
0.9061685490877498,0.8604166666666667,0.9096916299559471,0.8843683083511777,0.9087514773826151,0.8064081222519736,Spambase,Decision Tree,123
0.9122502172024327,0.8731501057082452,0.9096916299559471,0.8910463861920173,0.9222011894905163,0.8181250191412417,Spambase,Decision Tree,2024
0.9165942658557776,0.8857758620689655,0.9052863436123348,0.8954248366013072,0.9285310234548316,0.8262099707597559,Spambase,Decision Tree,99
0.9374456993918332,0.9483568075117371,0.8898678414096917,0.9181818181818182,0.9821544820786379,0.8687836662845155,Spambase,Random Forest,42
0.9530842745438749,0.9545454545454546,0.9251101321585903,0.9395973154362416,0.9864207206466986,0.9015558680724978,Spambase,Random Forest,7
0.9391833188531712,0.9444444444444444,0.8986784140969163,0.9209932279909706,0.9815714294743362,0.8723182069988863,Spambase,Random Forest,123
0.9530842745438749,0.95662100456621,0.9229074889867841,0.9394618834080718,0.9856527977044477,0.9015706414838792,Spambase,Random Forest,2024
0.9374456993918332,0.9400921658986175,0.8986784140969163,0.918918918918919,0.9806913202586289,0.8686253161496889,Spambase,Random Forest,99
0.9513466550825369,0.9481981981981982,0.9273127753303965,0.9376391982182628,0.9864744436508889,0.8979109234821953,Spambase,Gradient Boosting,42
0.9548218940052129,0.9568181818181818,0.9273127753303965,0.941834451901566,0.9892822606640163,0.9052140884918429,Spambase,Gradient Boosting,7
0.945264986967854,0.9413092550790068,0.9185022026431718,0.9297658862876255,0.9833537691427704,0.885115720052608,Spambase,Gradient Boosting,123
0.9556907037358818,0.952808988764045,0.933920704845815,0.9432703003337041,0.9871444011149104,0.9070479590718364,Spambase,Gradient Boosting,2024
0.9409209383145091,0.9346846846846847,0.9140969162995595,0.9242761692650334,0.9840000252814137,0.8759989715481751,Spambase,Gradient Boosting,99
0.9339704604691572,0.9237668161434978,0.9074889867841409,0.9155555555555556,0.9744183694752211,0.8614460598497077,Spambase,SVM (RBF),42
0.9417897480451781,0.9290465631929047,0.9229074889867841,0.9259668508287293,0.9811527060593228,0.8780209040546485,Spambase,SVM (RBF),7
0.9383145091225021,0.9208791208791208,0.9229074889867841,0.9218921892189219,0.977461619653771,0.87092459901735,Spambase,SVM (RBF),123
0.9391833188531712,0.9210526315789473,0.9251101321585903,0.9230769230769231,0.9777523559117427,0.8727957333395483,Spambase,SVM (RBF),2024
0.9218071242397915,0.9080717488789237,0.8920704845814978,0.9,0.9702785379758436,0.8359033446926053,Spambase,SVM (RBF),99
